{
  "room": {
    "id": "room_0002",
    "dims_m": [
      4.150195507780608,
      3.0711457047395525,
      2.907378669296392
    ],
    "rt60_s": 0.1778807873480414,
    "model": "Eyring"
  },
  "array": {
    "id": "uca4_r27p7mm",
    "pose_room": {
      "roll_deg": -0.29475442455781004,
      "pitch_deg": 41.37528544621251,
      "yaw_deg": 68.88837034891783,
      "center_m": [
        3.169174671566792,
        0.9420225521618881,
        1.4586634842309207
      ]
    },
    "mic_xyz_array_m": [
      [
        0.02573098247383358,
        0.003146563692545306,
        0.0025857909409375906
      ],
      [
        -0.0013437733195696493,
        0.023990209494284546,
        0.0011791657245183555
      ],
      [
        -0.027416361447807142,
        0.0012223795849363652,
        -0.0013756111751614861
      ],
      [
        -0.0007732475445042727,
        -0.027809958047973645,
        -0.003316697102099894
      ]
    ],
    "mic_xyz_room_m": [
      [
        3.173793323687844,
        0.9627575923950156,
        1.4435838026677876
      ],
      [
        3.1466774612768864,
        0.9503758729746776,
        1.460343921879365
      ],
      [
        3.160301799020953,
        0.9224159064162814,
        1.4757484181899174
      ],
      [
        3.1941690524464077,
        0.9295015734106201,
        1.4567931437225623
      ]
    ],
    "geom_jitter_mm": [
      [
        0.0,
        0.0,
        0.0
      ],
      [
        -0.0,
        0.0,
        0.0
      ],
      [
        -0.0,
        0.0,
        -0.0
      ],
      [
        -0.0,
        -0.0,
        -0.0
      ]
    ]
  },
  "sim_defaults": {
    "fs_hz": 16000,
    "c_mps": 343.0
  }
}