{
  "az_deg": 238.80792673930623,
  "el_deg": -13.292033060355351,
  "distance_m": 1.463897163417781,
  "src_xyz_room_m": [
    7.551995139977269,
    2.8608037405659004,
    1.3489264134186947
  ],
  "unit_vec_array": [
    -0.5040343346228505,
    -0.8325195200427926,
    -0.22991441509617996
  ]
}