{
  "az_deg": 352.06128151974167,
  "el_deg": 46.60672184497496,
  "distance_m": 0.9880075265434521,
  "src_xyz_room_m": [
    2.0232324576863667,
    1.4356352515280104,
    1.543010236888062
  ],
  "unit_vec_array": [
    0.6804182810124068,
    -0.09488453897887669,
    0.7266552739276634
  ]
}