{
  "az_deg": 139.48091516916634,
  "el_deg": -14.736896947060329,
  "distance_m": 1.7318185280069387,
  "src_xyz_room_m": [
    1.2036965366806485,
    1.2006010668529132,
    1.3489264134186947
  ],
  "unit_vec_array": [
    -0.7351825053537556,
    0.6283288146421149,
    -0.2543807864446722
  ]
}