{
  "room": {
    "id": "room_0007",
    "dims_m": [
      8.443794603998462,
      5.859421666031343,
      3.197546692001926
    ],
    "rt60_s": 1.0599041438894168,
    "model": "Eyring"
  },
  "array": {
    "id": "uca4_r27p7mm",
    "pose_room": {
      "roll_deg": 2.1854808934816172,
      "pitch_deg": 36.028313718760224,
      "yaw_deg": 101.09253090699433,
      "center_m": [
        6.211380860592116,
        3.435494669609739,
        1.2245134115017648
      ]
    },
    "mic_xyz_array_m": [
      [
        0.03223052128217554,
        0.0022294071701000825,
        -0.003950369618283619
      ],
      [
        0.00010252555096037885,
        0.02519962726323906,
        -0.0011744136141953539
      ],
      [
        -0.027994120482712187,
        0.0018041408690058322,
        -0.0010177046412350509
      ],
      [
        0.0026875578950482275,
        -0.024567456241918147,
        -0.0008503872065087643
      ]
    ],
    "mic_xyz_room_m": [
      [
        6.204469074057456,
        3.4583863740973135,
        1.202432214724308
      ],
      [
        6.186634161469437,
        3.4305999860360585,
        1.2242811868753252
      ],
      [
        6.214036646930122,
        3.412376445620698,
        1.240212326978065
      ],
      [
        6.235223995607557,
        3.441313276619667,
        1.2214877285807935
      ]
    ],
    "geom_jitter_mm": [
      [
        0.0,
        0.0,
        -0.0
      ],
      [
        0.0,
        0.0,
        -0.0
      ],
      [
        -0.0,
        0.0,
        -0.0
      ],
      [
        0.0,
        -0.0,
        -0.0
      ]
    ]
  },
  "sim_defaults": {
    "fs_hz": 16000,
    "c_mps": 343.0
  }
}