{
  "az_deg": 8.662756169704338,
  "el_deg": 29.60950834094225,
  "distance_m": 0.6601806020383447,
  "src_xyz_room_m": [
    3.734737803506691,
    3.7165828388772573,
    1.3894786806176604
  ],
  "unit_vec_array": [
    0.8594946855007621,
    0.13094944804460804,
    0.4940861540791833
  ]
}