{
  "az_deg": 308.6627561697043,
  "el_deg": 26.41778053366305,
  "distance_m": 1.374302802698247,
  "src_xyz_room_m": [
    4.085594516164465,
    2.680943616242677,
    1.543010236888062
  ],
  "unit_vec_array": [
    0.5594964564846544,
    -0.6992968097920108,
    0.4449131229755214
  ]
}