{
  "az_deg": 322.06128151974167,
  "el_deg": 36.45016830642314,
  "distance_m": 1.734125614953805,
  "src_xyz_room_m": [
    1.1293940111018037,
    1.1905048595550571,
    1.6140506675159607
  ],
  "unit_vec_array": [
    0.6343845843961335,
    -0.4945437837552884,
    0.594123425753898
  ]
}