{
  "az_deg": 94.1809478724385,
  "el_deg": 3.2645252035942476,
  "distance_m": 2.8153924586033976,
  "src_xyz_room_m": [
    2.7997588212665936,
    6.276596941666988,
    1.5424787970394975
  ],
  "unit_vec_array": [
    -0.07278825577586152,
    0.9957203600213134,
    0.056945890634301534
  ]
}