{
  "az_deg": 98.1296029291895,
  "el_deg": 2.8720149764957665,
  "distance_m": 2.5438912506598563,
  "src_xyz_room_m": [
    2.813375256643268,
    0.34559841365871785,
    1.5424787970394975
  ],
  "unit_vec_array": [
    -0.14123510565963693,
    0.988707297940461,
    0.05010512876526544
  ]
}