{
  "az_deg": 222.0612815197416,
  "el_deg": 13.373159305555497,
  "distance_m": 0.6313633511178333,
  "src_xyz_room_m": [
    2.1438757422477837,
    2.7308823673116214,
    1.6371774753437927
  ],
  "unit_vec_array": [
    -0.7222972743723968,
    -0.6517596015104223,
    0.23129217296134782
  ]
}