{
  "az_deg": 46.0630478055602,
  "el_deg": 25.912034862881868,
  "distance_m": 1.2501958109670261,
  "src_xyz_room_m": [
    2.7130329364165986,
    0.43523525365441995,
    1.6843234031805387
  ],
  "unit_vec_array": [
    0.6241092371238681,
    0.6477088565715481,
    0.4369907290268765
  ]
}