{
  "az_deg": 23.66275616970434,
  "el_deg": 34.343441950266225,
  "distance_m": 1.4546645487458467,
  "src_xyz_room_m": [
    4.406998381160873,
    4.139156060838887,
    1.6223616739670201
  ],
  "unit_vec_array": [
    0.756251424822401,
    0.33138502364922806,
    0.5641522388106679
  ]
}