{
  "az_deg": 124.18094787243851,
  "el_deg": -2.7245317615331843,
  "distance_m": 4.013538032085646,
  "src_xyz_room_m": [
    1.006734518080766,
    5.111381607281601,
    1.617658874809117
  ],
  "unit_vec_array": [
    -0.5611732639088555,
    0.826332302561488,
    -0.04753413107769547
  ]
}