{
  "az_deg": 83.42294824848014,
  "el_deg": 12.304695906592006,
  "distance_m": 2.1717453217567115,
  "src_xyz_room_m": [
    1.3738617936178001,
    2.1509320474590443,
    1.6371774753437927
  ],
  "unit_vec_array": [
    0.11190808972314197,
    0.9705980166372099,
    0.2131104632683053
  ]
}