{
  "az_deg": 58.80792673930626,
  "el_deg": 35.07836621069166,
  "distance_m": 1.312008128480454,
  "src_xyz_room_m": [
    5.163177230105168,
    4.160869508369375,
    1.5351028857715732
  ],
  "unit_vec_array": [
    0.42383924279111457,
    0.7000603307070083,
    0.5746962933938663
  ]
}