{
  "az_deg": 313.66275616970427,
  "el_deg": 18.965763927916896,
  "distance_m": 2.6052006930008607,
  "src_xyz_room_m": [
    5.067079961114226,
    1.9078421030780535,
    1.3489264134186945
  ],
  "unit_vec_array": [
    0.6529318647171436,
    -0.684143956299944,
    0.3250031185931206
  ]
}