{
  "az_deg": 208.6627561697043,
  "el_deg": -15.596219409397278,
  "distance_m": 2.8284385326637778,
  "src_xyz_room_m": [
    0.6618949562843093,
    2.175060475719098,
    1.617658874809117
  ],
  "unit_vec_array": [
    -0.8451503994049239,
    -0.4619925433470857,
    -0.2688562669483242
  ]
}