{
  "az_deg": 198.80792673930625,
  "el_deg": -15.5202026347599,
  "distance_m": 1.2806716639764146,
  "src_xyz_room_m": [
    6.810884221061611,
    2.3760455713745863,
    1.6223616739670197
  ],
  "unit_vec_array": [
    -0.9120878293969658,
    -0.3106408401223416,
    -0.26757813795976937
  ]
}