{
  "az_deg": 289.18094787243854,
  "el_deg": 10.223583010296204,
  "distance_m": 1.3766891552447196,
  "src_xyz_room_m": [
    6.228933236176221,
    3.9655408344218475,
    1.543010236888062
  ],
  "unit_vec_array": [
    0.3233360531511367,
    -0.9294897310028031,
    0.17748982137852845
  ]
}