{
  "az_deg": 317.06128151974167,
  "el_deg": 40.59501172346031,
  "distance_m": 1.0796729664229847,
  "src_xyz_room_m": [
    1.608662488011678,
    1.6551783636670512,
    1.5796180186330062
  ],
  "unit_vec_array": [
    0.5558908830668104,
    -0.5172661598209596,
    0.6507081112351982
  ]
}