{
  "az_deg": 69.1809478724385,
  "el_deg": 6.679954902782,
  "distance_m": 0.6872029735941988,
  "src_xyz_room_m": [
    4.6706821225509785,
    5.1041306966998246,
    1.3992024088911368
  ],
  "unit_vec_array": [
    0.35300500623479225,
    0.9283621940239404,
    0.1163232662893796
  ]
}