{
  "az_deg": 38.662756169704345,
  "el_deg": 28.50529210623044,
  "distance_m": 3.015883069075318,
  "src_xyz_room_m": [
    5.491241127435137,
    5.360918685260689,
    1.8
  ],
  "unit_vec_array": [
    0.6861782090011872,
    0.5490004688672001,
    0.4772399298838244
  ]
}