{
  "az_deg": 73.1296029291895,
  "el_deg": 24.138553771156076,
  "distance_m": 0.5582088840617615,
  "src_xyz_room_m": [
    0.7312542064208962,
    0.45497495602653,
    1.3645486242816416
  ],
  "unit_vec_array": [
    0.2648317997794902,
    0.8732859942651677,
    0.40894460510667374
  ]
}