{
  "az_deg": 168.1296029291895,
  "el_deg": -25.190966278055864,
  "distance_m": 2.981428109798641,
  "src_xyz_room_m": [
    1.6851905851758902,
    3.462829390261309,
    1.614050667515961
  ],
  "unit_vec_array": [
    -0.8855433674506752,
    0.18613545825602784,
    -0.4256366238282803
  ]
}