{
  "az_deg": 292.06128151974167,
  "el_deg": 20.173672611579658,
  "distance_m": 0.6935045733459712,
  "src_xyz_room_m": [
    1.7404233630570882,
    2.183977044129944,
    1.3645486242816416
  ],
  "unit_vec_array": [
    0.3525557170882477,
    -0.8699260141681043,
    0.3448669253813512
  ]
}