{
  "az_deg": 163.12960292918953,
  "el_deg": -26.097445431975327,
  "distance_m": 4.07371341467749,
  "src_xyz_room_m": [
    2.454939522921469,
    4.286355137572251,
    1.6371774753437927
  ],
  "unit_vec_array": [
    -0.859398519375073,
    0.26062029862902103,
    -0.4398991302997222
  ]
}