{
  "az_deg": 27.061281519741648,
  "el_deg": 45.778980748850785,
  "distance_m": 0.9258191331500056,
  "src_xyz_room_m": [
    2.4256976805694737,
    1.4124230006910332,
    1.5351028857715732
  ],
  "unit_vec_array": [
    0.6210739431467073,
    0.3172901725784139,
    0.7166548008137258
  ]
}