{
  "az_deg": 258.6627561697043,
  "el_deg": -5.651690966327903,
  "distance_m": 2.7045112792788437,
  "src_xyz_room_m": [
    2.617887820918452,
    0.9388009210083776,
    1.2582282443710209
  ],
  "unit_vec_array": [
    -0.1956279284434354,
    -0.9757208920010274,
    -0.09848073174814292
  ]
}