{
  "az_deg": 158.80792673930625,
  "el_deg": -25.98617775189043,
  "distance_m": 2.77148447853052,
  "src_xyz_room_m": [
    5.7776642378845775,
    0.729441367042301,
    1.6371774753437927
  ],
  "unit_vec_array": [
    -0.8381106184864628,
    0.3249482969121244,
    -0.43815430559809476
  ]
}