{
  "az_deg": 44.48091516916631,
  "el_deg": 4.934058631892661,
  "distance_m": 0.7420460248441048,
  "src_xyz_room_m": [
    3.131961739028849,
    1.5186586430330875,
    1.3992024088911368
  ],
  "unit_vec_array": [
    0.710839952784257,
    0.6980751994344111,
    0.08600917079173657
  ]
}