{
  "az_deg": 93.42294824848014,
  "el_deg": 3.066424101829584,
  "distance_m": 1.0097469603433518,
  "src_xyz_room_m": [
    2.225336925031558,
    1.2926166907752386,
    1.5351028857715732
  ],
  "unit_vec_array": [
    -0.05962069837461906,
    0.9967867382732387,
    0.0534936512861201
  ]
}