{
  "az_deg": 83.80792673930624,
  "el_deg": 14.058631932268286,
  "distance_m": 2.1499317468156263,
  "src_xyz_room_m": [
    4.09476583616223,
    3.5660954854151377,
    1.5781951628465687
  ],
  "unit_vec_array": [
    0.1046311018112054,
    0.9643882957222418,
    0.24291469203760224
  ]
}