{
  "az_deg": 31.063047805560224,
  "el_deg": 16.823690985830684,
  "distance_m": 0.6203997229599636,
  "src_xyz_room_m": [
    2.647951027671988,
    1.0485021735359257,
    1.3992024088911368
  ],
  "unit_vec_array": [
    0.8199374753346171,
    0.4938969477763705,
    0.2894276101533498
  ]
}