{
  "az_deg": 353.6627561697043,
  "el_deg": 33.66504690425952,
  "distance_m": 1.3325733879060415,
  "src_xyz_room_m": [
    4.402479686042007,
    3.53543540035395,
    1.5351028857715732
  ],
  "unit_vec_array": [
    0.8272066546364426,
    -0.09186876485161796,
    0.5543367934476504
  ]
}