{
  "az_deg": 213.4229482484801,
  "el_deg": -28.362983400550323,
  "distance_m": 0.6405516967550396,
  "src_xyz_room_m": [
    3.2610451105862475,
    0.3136585716625814,
    1.5424787970394975
  ],
  "unit_vec_array": [
    -0.7344350408722536,
    -0.4846928460622822,
    -0.47505580273796877
  ]
}