{
  "az_deg": 24.180947872438516,
  "el_deg": 22.538503739961804,
  "distance_m": 2.1558967077532443,
  "src_xyz_room_m": [
    5.69426642423588,
    6.467073335868191,
    1.8
  ],
  "unit_vec_array": [
    0.8425801975634015,
    0.3783338397135628,
    0.3833042086927971
  ]
}