{
  "room": {
    "id": "room_0006",
    "dims_m": [
      9.544504633771984,
      5.757084121604479,
      3.0772104457874883
    ],
    "rt60_s": 1.0590964908571725,
    "model": "Eyring"
  },
  "array": {
    "id": "uca4_r27p7mm",
    "pose_room": {
      "roll_deg": 1.2489208361156534,
      "pitch_deg": 24.822545838000067,
      "yaw_deg": 3.1715762701585426,
      "center_m": [
        3.0874325844057244,
        3.6012731169971213,
        1.3299971820463659
      ]
    },
    "mic_xyz_array_m": [
      [
        0.02757780677892118,
        0.0005116451486445151,
        0.0019588165993682394
      ],
      [
        -0.0026009847256292453,
        0.026319888391337195,
        -0.0010537707104041154
      ],
      [
        -0.02426639313217109,
        -0.0024957428535568272,
        -0.001771254886655419
      ],
      [
        0.0023943017983479517,
        -0.027649423287166873,
        -0.0006032776408778439
      ]
    ],
    "mic_xyz_room_m": [
      [
        3.1132238157048673,
        3.6031717846582696,
        1.3202073087504431
      ],
      [
        3.0834172733308067,
        3.6274276289671104,
        1.3306535811390396
      ],
      [
        3.0648126761142853,
        3.5975594120411114,
        1.3385278359659816
      ],
      [
        3.0906255766216284,
        3.573777953900145,
        1.3278976487395724
      ]
    ],
    "geom_jitter_mm": [
      [
        0.0,
        0.0,
        0.0
      ],
      [
        -0.0,
        0.0,
        -0.0
      ],
      [
        -0.0,
        -0.0,
        -0.0
      ],
      [
        0.0,
        -0.0,
        -0.0
      ]
    ]
  },
  "sim_defaults": {
    "fs_hz": 16000,
    "c_mps": 343.0
  }
}