{
  "az_deg": 133.42294824848014,
  "el_deg": -23.9828669655636,
  "distance_m": 0.7842018035660099,
  "src_xyz_room_m": [
    2.4756067327572437,
    0.5859023361001591,
    1.543010236888062
  ],
  "unit_vec_array": [
    -0.6280350492852739,
    0.663595841767776,
    -0.40646344935032047
  ]
}