{
  "az_deg": 87.06128151974164,
  "el_deg": 25.053865052916375,
  "distance_m": 0.5643594564286797,
  "src_xyz_room_m": [
    2.856120537269955,
    1.9911929591806137,
    1.444809817795789
  ],
  "unit_vec_array": [
    0.046444041858453564,
    0.9047187477289171,
    0.4234701152190912
  ]
}