{
  "az_deg": 206.0630478055602,
  "el_deg": 37.60095115699605,
  "distance_m": 0.5001469696663767,
  "src_xyz_room_m": [
    2.917991997969841,
    1.942179172072382,
    1.7495012014801792
  ],
  "unit_vec_array": [
    -0.7117134996394793,
    -0.3480958535606796,
    0.6101583164759676
  ]
}