{
  "az_deg": 309.48091516916634,
  "el_deg": 23.092916948596013,
  "distance_m": 1.3643852163486823,
  "src_xyz_room_m": [
    4.128743344881366,
    0.3561635667901443,
    1.7999999999999998
  ],
  "unit_vec_array": [
    0.5848728073443594,
    -0.7099891558599032,
    0.3922234029102163
  ]
}