{
  "room": {
    "id": "room_0001",
    "dims_m": [
      3.8233525595713287,
      3.0459121778641225,
      2.4466763518962735
    ],
    "rt60_s": 0.16999577100176172,
    "model": "Eyring"
  },
  "array": {
    "id": "uca4_r27p7mm",
    "pose_room": {
      "roll_deg": -1.8639502119239182,
      "pitch_deg": 30.733690629409338,
      "yaw_deg": 249.70149820258845,
      "center_m": [
        2.4174242362330345,
        2.2985843087519946,
        1.2671649199639528
      ]
    },
    "mic_xyz_array_m": [
      [
        0.0277,
        0.0,
        0.0
      ],
      [
        0.0,
        0.0277,
        0.0
      ],
      [
        -0.0277,
        0.0,
        0.0
      ],
      [
        0.0,
        -0.0277,
        0.0
      ]
    ],
    "mic_xyz_room_m": [
      [
        2.4091644251877318,
        2.276253343534449,
        1.2530088783580287
      ],
      [
        2.4435499977340003,
        2.289411804679353,
        1.2663904814370084
      ],
      [
        2.425684047278337,
        2.3209152739695402,
        1.2813209615698768
      ],
      [
        2.3912984747320687,
        2.3077568128246364,
        1.2679393584908971
      ]
    ],
    "geom_jitter_mm": [
      [
        0.0,
        0.0,
        0.0
      ],
      [
        0.0,
        0.0,
        0.0
      ],
      [
        -0.0,
        0.0,
        0.0
      ],
      [
        0.0,
        -0.0,
        0.0
      ]
    ]
  },
  "sim_defaults": {
    "fs_hz": 16000,
    "c_mps": 343.0
  }
}