{
  "az_deg": 88.1296029291895,
  "el_deg": 17.86487340418087,
  "distance_m": 0.5688889313901495,
  "src_xyz_room_m": [
    0.8219060937308618,
    0.572766753974011,
    1.3894786806176602
  ],
  "unit_vec_array": [
    0.03106503377336672,
    0.9512755599804312,
    0.3067731615715045
  ]
}