{
  "az_deg": 332.06128151974167,
  "el_deg": 40.317146146752584,
  "distance_m": 1.4036113418959792,
  "src_xyz_room_m": [
    1.5293465524326564,
    1.257093543239804,
    1.5781951628465685
  ],
  "unit_vec_array": [
    0.6736077120451969,
    -0.3572399451923422,
    0.6470179841644338
  ]
}