{
  "az_deg": 64.48091516916631,
  "el_deg": 8.165121402744962,
  "distance_m": 2.7038953025460684,
  "src_xyz_room_m": [
    2.904381449116355,
    3.524044635716934,
    1.5424787970394975
  ],
  "unit_vec_array": [
    0.42644452450695497,
    0.8932936659267865,
    0.14202638463722028
  ]
}