{
  "az_deg": 318.80792673930625,
  "el_deg": 40.88170766243817,
  "distance_m": 1.3779745393258647,
  "src_xyz_room_m": [
    6.6969514172757805,
    4.701292835268372,
    1.4710698337005863
  ],
  "unit_vec_array": [
    0.5689415632580362,
    -0.4979316693615824,
    0.6544994654270466
  ]
}