{
  "az_deg": 143.66275616970432,
  "el_deg": -14.741242887952911,
  "distance_m": 2.8577951291788155,
  "src_xyz_room_m": [
    0.688673404502032,
    5.123964045779334,
    1.6371774753437927
  ],
  "unit_vec_array": [
    -0.7790287018782256,
    0.5730334820232779,
    -0.2544541415072756
  ]
}