{
  "az_deg": 283.8079267393062,
  "el_deg": 29.891599783987274,
  "distance_m": 0.6848581110847614,
  "src_xyz_room_m": [
    6.731406171656778,
    3.845480111255884,
    1.3992024088911368
  ],
  "unit_vec_array": [
    0.2069177886960422,
    -0.8419154968192281,
    0.4983606374271271
  ]
}