{
  "az_deg": 234.18094787243848,
  "el_deg": -3.558442279791271,
  "distance_m": 3.614944326285521,
  "src_xyz_room_m": [
    5.656367133589955,
    0.9441941624329586,
    1.6371774753437927
  ],
  "unit_vec_array": [
    -0.5840990264852501,
    -0.8093059140563773,
    -0.062066615280316366
  ]
}