{
  "az_deg": 288.6627561697043,
  "el_deg": 12.332560377610408,
  "distance_m": 0.7806591903804955,
  "src_xyz_room_m": [
    3.4120309521186556,
    2.8921392304544646,
    1.3645486242816416
  ],
  "unit_vec_array": [
    0.312613068024992,
    -0.925556191798677,
    0.2135855929671574
  ]
}