{
  "az_deg": 78.42294824848014,
  "el_deg": 17.008040398698807,
  "distance_m": 1.7453963643464443,
  "src_xyz_room_m": [
    1.8514656806312815,
    2.0760006415235153,
    1.6140506675159607
  ],
  "unit_vec_array": [
    0.19190832264643873,
    0.9368092085965892,
    0.2925059014578383
  ]
}