{
  "az_deg": 244.4809151691663,
  "el_deg": 9.619947243009037,
  "distance_m": 0.5392889441593438,
  "src_xyz_room_m": [
    2.9221606737883934,
    0.3033459312817036,
    1.617658874809117
  ],
  "unit_vec_array": [
    -0.42475360800691786,
    -0.8897516225605583,
    0.16711200625915398
  ]
}