{
  "az_deg": 229.48091516916634,
  "el_deg": 2.266556955813485,
  "distance_m": 0.5292491338492358,
  "src_xyz_room_m": [
    2.7730369744613865,
    0.3160964194246436,
    1.5781951628465685
  ],
  "unit_vec_array": [
    -0.6491930041543511,
    -0.7595948620057715,
    0.03954856472088132
  ]
}