{
  "az_deg": 334.18094787243854,
  "el_deg": 9.437578578677536,
  "distance_m": 0.8232623982922745,
  "src_xyz_room_m": [
    5.729625595181213,
    4.783996417184233,
    1.3645486242816416
  ],
  "unit_vec_array": [
    0.8879899884230993,
    -0.42963547221501136,
    0.1639729900774148
  ]
}