{
  "az_deg": 354.18094787243854,
  "el_deg": 18.208695526729706,
  "distance_m": 2.1188203493492646,
  "src_xyz_room_m": [
    6.541876368091721,
    5.876891582149873,
    1.6140506675159607
  ],
  "unit_vec_array": [
    0.9450297250605572,
    -0.09631011543871404,
    0.31247908796613777
  ]
}