{
  "az_deg": 33.42294824848014,
  "el_deg": 48.2006308318867,
  "distance_m": 1.793902908110877,
  "src_xyz_room_m": [
    3.135676510643701,
    2.702833416492881,
    1.8
  ],
  "unit_vec_array": [
    0.5562993564751342,
    0.3671316091240925,
    0.7454833382224625
  ]
}