{
  "az_deg": 261.06304780556025,
  "el_deg": 6.540736022985337,
  "distance_m": 1.8110526678656367,
  "src_xyz_room_m": [
    1.8135058207443064,
    3.1032245836167163,
    1.6140506675159607
  ],
  "unit_vec_array": [
    -0.15433638793527057,
    -0.9814300199622545,
    0.11390959255471975
  ]
}