{
  "az_deg": 143.42294824848014,
  "el_deg": -24.059204363105778,
  "distance_m": 0.6157456767970216,
  "src_xyz_room_m": [
    2.675611757921347,
    0.5903076084692611,
    1.56745221136445
  ],
  "unit_vec_array": [
    -0.7332904504857957,
    0.5441339951956011,
    -0.40768040239728504
  ]
}