{
  "az_deg": 103.42294824848014,
  "el_deg": -2.8961246537752654,
  "distance_m": 1.0840111766578335,
  "src_xyz_room_m": [
    2.1048223516205247,
    1.1081681833162296,
    1.5796180186330062
  ],
  "unit_vec_array": [
    -0.23184101212985997,
    0.9714406467499904,
    -0.050525389029305326
  ]
}