{
  "az_deg": 311.06304780556025,
  "el_deg": 15.759439202981538,
  "distance_m": 2.253826854202658,
  "src_xyz_room_m": [
    0.6060091796228781,
    1.8278524312933726,
    1.5424787970394975
  ],
  "unit_vec_array": [
    0.6321969779450449,
    -0.7256452032494883,
    0.2715990060330874
  ]
}