{
  "az_deg": 348.66275616970427,
  "el_deg": 29.610188513446595,
  "distance_m": 0.7945738574314803,
  "src_xyz_room_m": [
    3.872510940261985,
    3.5002274508013977,
    1.3992024088911368
  ],
  "unit_vec_array": [
    0.8524424115297067,
    -0.17091111244208923,
    0.49409647506253856
  ]
}