{
  "az_deg": 258.4229482484801,
  "el_deg": 3.1837448689020724,
  "distance_m": 0.6719144478391604,
  "src_xyz_room_m": [
    3.7554030643526355,
    0.6362162825825087,
    1.5781951628465685
  ],
  "unit_vec_array": [
    -0.20037581715592584,
    -0.9781436683054688,
    0.0555382395563252
  ]
}