{
  "room": {
    "id": "room_0000",
    "dims_m": [
      3.2190205781420715,
      4.315022628415917,
      2.5740207099341466
    ],
    "rt60_s": 0.11916457595878378,
    "model": "Eyring"
  },
  "array": {
    "id": "uca4_r27p7mm",
    "pose_room": {
      "roll_deg": 0.7246801801901989,
      "pitch_deg": 15.790448538966615,
      "yaw_deg": 222.09865638108602,
      "center_m": [
        2.844301860697109,
        1.6357775779850072,
        1.3611266167351148
      ]
    },
    "mic_xyz_array_m": [
      [
        0.028682138386444626,
        0.003375315036845431,
        0.0020739992350874573
      ],
      [
        -0.0006828217198936562,
        0.026972769940400838,
        -0.00046948340457277115
      ],
      [
        -0.030521230421498576,
        0.000398675631403917,
        -0.001022690384385844
      ],
      [
        0.0015070634527671316,
        -0.02708559959114076,
        0.00016103313563815028
      ]
    ],
    "mic_xyz_room_m": [
      [
        2.825640790392529,
        1.6144035245995891,
        1.3553582908246715
      ],
      [
        2.8629006230619662,
        1.616225106798344,
        1.3611889658841445
      ],
      [
        2.866575137160537,
        1.6553473846605158,
        1.3684528822633724
      ],
      [
        2.825104138850236,
        1.6549356666216617,
        1.3605418152190178
      ]
    ],
    "geom_jitter_mm": [
      [
        0.0,
        0.0,
        0.0
      ],
      [
        -0.0,
        0.0,
        -0.0
      ],
      [
        -0.0,
        0.0,
        -0.0
      ],
      [
        0.0,
        -0.0,
        0.0
      ]
    ]
  },
  "sim_defaults": {
    "fs_hz": 16000,
    "c_mps": 343.0
  }
}