{
  "az_deg": 281.06304780556025,
  "el_deg": 15.60303635010977,
  "distance_m": 1.1090739048282658,
  "src_xyz_room_m": [
    1.9351028980656477,
    2.2321530302108568,
    1.5796180186330062
  ],
  "unit_vec_array": [
    0.18481761900706165,
    -0.9452497674691441,
    0.2689708623700522
  ]
}