{
  "az_deg": 224.4809151691663,
  "el_deg": -22.587336043962274,
  "distance_m": 0.5153794373710315,
  "src_xyz_room_m": [
    2.698601451415091,
    0.35414229623969534,
    1.3645486242816416
  ],
  "unit_vec_array": [
    -0.6587561927635087,
    -0.6469267221697789,
    -0.3840912582165762
  ]
}