{
  "az_deg": 92.06128151974163,
  "el_deg": 33.35981086442358,
  "distance_m": 0.6465720710429119,
  "src_xyz_room_m": [
    2.8800797449551583,
    1.961193043415819,
    1.56745221136445
  ],
  "unit_vec_array": [
    -0.030042013846909816,
    0.8346933267879711,
    0.549895015088927
  ]
}