{
  "room": {
    "id": "room_0005",
    "dims_m": [
      4.466604573600332,
      4.239863281259926,
      2.592155951715318
    ],
    "rt60_s": 0.44574951047440814,
    "model": "Eyring"
  },
  "array": {
    "id": "uca4_r27p7mm",
    "pose_room": {
      "roll_deg": -0.4151225275000195,
      "pitch_deg": 14.229084766157897,
      "yaw_deg": 26.215861700595116,
      "center_m": [
        2.8890447462920306,
        0.8211475941934656,
        1.47063051521693
      ]
    },
    "mic_xyz_array_m": [
      [
        0.015281414021839577,
        0.004372044120784993,
        0.015287475834975518
      ],
      [
        -0.002790278879601702,
        0.02819956348239814,
        -0.008334484228437085
      ],
      [
        -0.018365627793448143,
        0.005656252433479673,
        -0.015287475834975518
      ],
      [
        -0.0053909678981797346,
        -0.033575513469112916,
        -0.001497555501887218
      ]
    ],
    "mic_xyz_room_m": [
      [
        2.9037174621912407,
        0.8333691782844881,
        1.4816617251303104
      ],
      [
        2.872305121182735,
        0.8442696577844332,
        1.463039745119416
      ],
      [
        2.8672440110769664,
        0.8165939665864735,
        1.4602869755450776
      ],
      [
        2.8989166387992578,
        0.7885722338853962,
        1.4707398367620435
      ]
    ],
    "geom_jitter_mm": [
      [
        0.0,
        0.0,
        0.0
      ],
      [
        -0.0,
        0.0,
        -0.0
      ],
      [
        -0.0,
        0.0,
        -0.0
      ],
      [
        -0.0,
        -0.0,
        -0.0
      ]
    ]
  },
  "sim_defaults": {
    "fs_hz": 16000,
    "c_mps": 343.0
  }
}