{
  "az_deg": 236.06304780556022,
  "el_deg": 1.9087977347878202,
  "distance_m": 1.0010583195981535,
  "src_xyz_room_m": [
    2.6817728623556976,
    2.6081120583707285,
    1.5351028857715732
  ],
  "unit_vec_array": [
    -0.5579705165927504,
    -0.8291920386216927,
    0.033308643016797396
  ]
}