{
  "az_deg": 139.1809478724385,
  "el_deg": -3.295323825871396,
  "distance_m": 2.1525293134443495,
  "src_xyz_room_m": [
    2.8315384499782255,
    4.262937536522617,
    1.5781951628465685
  ],
  "unit_vec_array": [
    -0.7555264134527039,
    0.6525914459385934,
    -0.05748254746503322
  ]
}