{
  "az_deg": 168.66275616970432,
  "el_deg": -15.345253596008364,
  "distance_m": 1.5457851359886006,
  "src_xyz_room_m": [
    1.5774566247987565,
    3.819955650316578,
    1.5781951628465682
  ],
  "unit_vec_array": [
    -0.9455314461428352,
    0.18957507172743174,
    -0.26463479841959137
  ]
}