{
  "az_deg": 258.80792673930625,
  "el_deg": 14.959935059344032,
  "distance_m": 1.9866042279231797,
  "src_xyz_room_m": [
    8.084921390587851,
    3.759928680348768,
    1.8
  ],
  "unit_vec_array": [
    -0.1875199685550463,
    -0.9477331756744768,
    0.25814354363238634
  ]
}