{
  "az_deg": 8.80792673930628,
  "el_deg": 51.512386922651146,
  "distance_m": 0.6025780934699085,
  "src_xyz_room_m": [
    6.061477040164786,
    3.9953300591097607,
    1.3894786806176602
  ],
  "unit_vec_array": [
    0.6150062370487691,
    0.09529512137179628,
    0.7827427216102669
  ]
}