{
  "az_deg": 299.48091516916634,
  "el_deg": 13.050492341397657,
  "distance_m": 0.6765086551004736,
  "src_xyz_room_m": [
    3.4586316575684757,
    0.4633824661845719,
    1.543010236888062
  ],
  "unit_vec_array": [
    0.47942252372893424,
    -0.848035406788879,
    0.2258096379116713
  ]
}