{
  "az_deg": 103.80792673930624,
  "el_deg": -5.037156690069158,
  "distance_m": 3.982581352329949,
  "src_xyz_room_m": [
    2.59070571878934,
    1.8239418811046457,
    1.617658874809117
  ],
  "unit_vec_array": [
    -0.2377460666624962,
    0.967350845436523,
    -0.08780176319275217
  ]
}