{
  "az_deg": 244.18094787243848,
  "el_deg": 0.9253897979821797,
  "distance_m": 1.3162326088555014,
  "src_xyz_room_m": [
    5.44779819323523,
    3.2687490613259405,
    1.5351028857715732
  ],
  "unit_vec_array": [
    -0.43547364685831014,
    -0.9000565913206349,
    0.016150396657772854
  ]
}