{
  "az_deg": 358.4229482484801,
  "el_deg": 34.59292254890273,
  "distance_m": 0.5872556112288579,
  "src_xyz_room_m": [
    3.389992963864293,
    1.4817649885661321,
    1.3894786806176602
  ],
  "unit_vec_array": [
    0.8228946893345582,
    -0.022655688622097426,
    0.5677420629458763
  ]
}