{
  "az_deg": 68.42294824848014,
  "el_deg": 8.61673301250527,
  "distance_m": 0.7159230491063686,
  "src_xyz_room_m": [
    2.6496971561112583,
    1.4255836303253744,
    1.3645486242816416
  ],
  "unit_vec_array": [
    0.36360118629695787,
    0.9194274938850991,
    0.14982409956883042
  ]
}