{
  "room": {
    "id": "room_0004",
    "dims_m": [
      9.509702191322134,
      6.8561307091605626,
      3.634446256209788
    ],
    "rt60_s": 0.471977631928455,
    "model": "Eyring"
  },
  "array": {
    "id": "uca4_r27p7mm",
    "pose_room": {
      "roll_deg": -0.7659141085354947,
      "pitch_deg": 11.989550007916423,
      "yaw_deg": 46.772955792209714,
      "center_m": [
        4.963596025962312,
        4.4827845758370914,
        1.3797506687664272
      ]
    },
    "mic_xyz_array_m": [
      [
        0.029836207268291504,
        -0.0008674835120335964,
        0.0010787413309335462
      ],
      [
        -0.0008386105514712586,
        0.02902274650951698,
        0.003800388604568732
      ],
      [
        -0.028610111533304054,
        -0.00018473817256632925,
        0.003950398202967838
      ],
      [
        -0.0008260775254164092,
        -0.027172087859043625,
        -0.002112086525081674
      ]
    ],
    "mic_xyz_room_m": [
      [
        4.98436144774399,
        4.503631165030553,
        1.3746191532118162
      ],
      [
        4.942337234549087,
        4.50261376178216,
        1.3832625355866974
      ],
      [
        4.945087128145194,
        4.462900627770915,
        1.389560233843411
      ],
      [
        4.982611422586885,
        4.463303506566623,
        1.3782117394384807
      ]
    ],
    "geom_jitter_mm": [
      [
        0.0,
        -0.0,
        0.0
      ],
      [
        -0.0,
        0.0,
        0.0
      ],
      [
        -0.0,
        -0.0,
        0.0
      ],
      [
        -0.0,
        -0.0,
        -0.0
      ]
    ]
  },
  "sim_defaults": {
    "fs_hz": 16000,
    "c_mps": 343.0
  }
}