{
  "az_deg": 142.06128151974164,
  "el_deg": -4.948566177156219,
  "distance_m": 0.8872117824988084,
  "src_xyz_room_m": [
    3.1490760792202157,
    2.718146695945849,
    1.5424787970394975
  ],
  "unit_vec_array": [
    -0.785729057348155,
    0.612526581801034,
    -0.08626143417495878
  ]
}