{
  "az_deg": 173.42294824848014,
  "el_deg": -47.52840038252024,
  "distance_m": 0.5385266075668226,
  "src_xyz_room_m": [
    2.9399721821086877,
    0.4583475513575517,
    1.3992024088911368
  ],
  "unit_vec_array": [
    -0.6707808288113339,
    0.07733974301251906,
    -0.737612122900605
  ]
}