{
  "az_deg": 158.1296029291895,
  "el_deg": -10.833063152131139,
  "distance_m": 0.9365757152810301,
  "src_xyz_room_m": [
    0.8919971314207196,
    1.5134874646851835,
    1.56745221136445
  ],
  "unit_vec_array": [
    -0.9114903990130496,
    0.36586986157703605,
    -0.1879481228866944
  ]
}