{
  "az_deg": 159.4809151691663,
  "el_deg": -9.639600398700242,
  "distance_m": 1.0362185614316597,
  "src_xyz_room_m": [
    1.8605619026814721,
    0.7124495680416413,
    1.5351028857715732
  ],
  "unit_vec_array": [
    -0.9233318261467297,
    0.3455702161515434,
    -0.16745018522987923
  ]
}