{
  "az_deg": 333.8079267393062,
  "el_deg": 34.900554082715665,
  "distance_m": 1.8372925952791808,
  "src_xyz_room_m": [
    6.576530018422674,
    5.2358206076687175,
    1.2582282443710209
  ],
  "unit_vec_array": [
    0.7359332590668999,
    -0.3619975993094684,
    0.5721538047530162
  ]
}