{
  "az_deg": 247.06128151974167,
  "el_deg": 20.10685576134735,
  "distance_m": 1.0518872910158088,
  "src_xyz_room_m": [
    1.6212088768227004,
    2.732859281462406,
    1.8
  ],
  "unit_vec_array": [
    -0.36599254284010835,
    -0.8647949059376145,
    0.3437720600191113
  ]
}