{
  "az_deg": 279.1809478724386,
  "el_deg": 2.0394445031302766,
  "distance_m": 0.6670034486022707,
  "src_xyz_room_m": [
    5.518681922418654,
    4.113083867441769,
    1.3894786806176602
  ],
  "unit_vec_array": [
    0.15945186742757733,
    -0.98656405338403,
    0.035587505452488954
  ]
}