{
  "az_deg": 178.80792673930623,
  "el_deg": -25.432811043025144,
  "distance_m": 0.7586230747566974,
  "src_xyz_room_m": [
    6.328567080874971,
    2.6991751068444825,
    1.3645486242816416
  ],
  "unit_vec_array": [
    -0.9028940559086635,
    0.018787966584449808,
    -0.4294523676921864
  ]
}