{
  "room": {
    "id": "room_0003",
    "dims_m": [
      6.073381430160614,
      7.3774231861262765,
      3.702791042394651
    ],
    "rt60_s": 0.45248975618942544,
    "model": "Eyring"
  },
  "array": {
    "id": "uca4_r27p7mm",
    "pose_room": {
      "roll_deg": -0.39506802823185,
      "pitch_deg": 32.766170280703406,
      "yaw_deg": 253.44137112746986,
      "center_m": [
        0.33261548105989996,
        0.8301790838689382,
        1.2554331472032032
      ]
    },
    "mic_xyz_array_m": [
      [
        0.02729484894731998,
        0.00467980693792831,
        -0.0016010552705866456
      ],
      [
        0.0003183043980404259,
        0.030551617509272336,
        -0.0023109518558996896
      ],
      [
        -0.025661243146701786,
        -0.003061741850015924,
        -0.0002745466115692306
      ],
      [
        0.007787765501118221,
        -0.030059638057570736,
        -0.0012142532728984256
      ]
    ],
    "mic_xyz_room_m": [
      [
        0.3308012479100343,
        0.8076958096937322,
        1.2392874452843265
      ],
      [
        0.3621967625479646,
        0.8225282757653537,
        1.2531405352672262
      ],
      [
        0.33586776307362937,
        0.8518669687446623,
        1.2691082102799398
      ],
      [
        0.3020841000610124,
        0.8329934843893794,
        1.250371579592807
      ]
    ],
    "geom_jitter_mm": [
      [
        0.0,
        0.0,
        -0.0
      ],
      [
        0.0,
        0.0,
        -0.0
      ],
      [
        -0.0,
        -0.0,
        -0.0
      ],
      [
        0.0,
        -0.0,
        -0.0
      ]
    ]
  },
  "sim_defaults": {
    "fs_hz": 16000,
    "c_mps": 343.0
  }
}