{
  "az_deg": 239.48091516916628,
  "el_deg": -17.168474051069627,
  "distance_m": 0.5038067376141958,
  "src_xyz_room_m": [
    2.8279947574709325,
    0.3276817823365795,
    1.3894786806176602
  ],
  "unit_vec_array": [
    -0.4851971104693877,
    -0.8230741922601048,
    -0.2951823809571515
  ]
}