{
  "az_deg": 129.4809151691663,
  "el_deg": -4.924943511598311,
  "distance_m": 2.482354767374179,
  "src_xyz_room_m": [
    0.628970640568375,
    1.834267694583955,
    1.6371774753437927
  ],
  "unit_vec_array": [
    -0.6334737204751543,
    0.7689868060403422,
    -0.08585067037151882
  ]
}