{
  "az_deg": 17.061281519741666,
  "el_deg": 41.51952651800471,
  "distance_m": 0.6684269731857329,
  "src_xyz_room_m": [
    2.3482526279361355,
    1.6469893359309449,
    1.3992024088911368
  ],
  "unit_vec_array": [
    0.7157793762401006,
    0.2196731216591675,
    0.6628752553609533
  ]
}