{
  "az_deg": 284.18094787243854,
  "el_deg": 11.832409582073081,
  "distance_m": 1.486983752367836,
  "src_xyz_room_m": [
    6.273610025994607,
    3.8223878014045742,
    1.62236167396702
  ],
  "unit_vec_array": [
    0.239779460336785,
    -0.9489259312656959,
    0.20504971926860086
  ]
}