{
  "az_deg": 153.1296029291895,
  "el_deg": -17.55220571548316,
  "distance_m": 1.4081842742445576,
  "src_xyz_room_m": [
    1.2646249900848436,
    1.8458762054584121,
    1.543010236888062
  ],
  "unit_vec_array": [
    -0.8505004846673263,
    0.4309311396324103,
    -0.3015746648439736
  ]
}