{
  "az_deg": 304.48091516916634,
  "el_deg": 19.755162861094824,
  "distance_m": 0.7507479184339874,
  "src_xyz_room_m": [
    3.550254469776652,
    0.49958610074826115,
    1.62236167396702
  ],
  "unit_vec_array": [
    0.5328123320745518,
    -0.7758002242159713,
    0.33800152499023745
  ]
}